NDB_No,Energ_Kcal,Protein_(g),Carbohydrt_(g),Fiber_TD_(g),Sugar_Tot_(g),Calcium_(mg),Iron_(mg),Magnesium_(mg),Sodium_(mg),Cholestrl_(mg),Cleaned_Desc,unit,volume_quantity,volume_desc,weight_quantity,weight_desc
1004,353,21.4,2.34,0.0,0.5,528.0,0.31,23.0,1146.0,75.0,cheese blue,1,,,1,ounces
1006,334,20.75,0.45,0.0,0.45,184.0,0.5,20.0,629.0,100.0,cheese brie,,1,cups,1,ounces
1007,300,19.8,0.46,0.0,0.46,388.0,0.33,20.0,842.0,72.0,cheese camembert,,1,cups,1,ounces
1009,404,22.87,3.09,0.0,0.48,710.0,0.14,27.0,653.0,99.0,cheese cheddar,,1,cups,,
1015,81,10.45,4.76,0.0,4.0,111.0,0.13,9.0,308.0,12.0,cheese cottage lowfat 2%,,1,cups,4,ounces
1017,350,6.15,5.52,0.0,3.76,97.0,0.11,9.0,314.0,101.0,cheese cream,,1,cups,,
1019,264,14.21,4.09,0.0,4.09,493.0,0.65,19.0,917.0,89.0,cheese feta,,1,cups,1,ounces
1020,389,25.6,1.55,0.0,1.55,550.0,0.23,14.0,800.0,116.0,cheese fontina,,1,cups,,
1023,413,29.81,0.36,0.0,0.36,1011.0,0.17,36.0,714.0,110.0,cheese gruyere,,,,1,ounces
1025,373,24.48,0.68,0.0,0.5,746.0,0.72,27.0,600.0,89.0,cheese monterey,,1,cups,,
1028,254,24.26,2.77,0.0,1.13,782.0,0.22,23.0,619.0,64.0,cheese mozzarella part skim milk,,,,1,ounces
1031,253,9.15,3.59,0.0,3.19,117.0,0.13,10.0,334.0,74.0,cheese neufchatel,1,,,1,ounces
1033,392,35.75,3.22,0.0,0.8,1184.0,0.82,44.0,1376.0,68.0,cheese parmesan hard,1,,,1,ounces
1035,351,25.58,2.14,0.0,0.56,756.0,0.52,28.0,876.0,69.0,cheese provolone,,1,cups,1,ounces
1036,174,11.26,3.04,0.0,0.27,207.0,0.38,11.0,84.0,51.0,cheese ricotta whole milk,,1,cups,,
1038,387,31.8,3.63,0.0,0.73,1064.0,0.77,41.0,1433.0,104.0,cheese romano,5,,,1,ounces
1040,393,26.96,1.44,0.0,0.0,890.0,0.13,33.0,187.0,93.0,cheese swiss,,1,cups,,
1045,331,19.66,8.32,0.0,,497.0,0.84,30.0,966.0,64.0,cheese fd cold pk american,1,,,1,ounces
1048,290,16.41,8.73,0.0,7.32,562.0,0.33,29.0,1625.0,55.0,cheese sprd past process american,,1,cups,,
1049,123,3.13,4.73,0.0,4.13,107.0,0.05,10.0,61.0,35.0,cream fluid half and half,,1,tablespoons,1,ounces
1053,340,2.84,2.74,0.0,2.92,66.0,0.1,7.0,27.0,113.0,cream fluid heavy whipping,1,1,cups,,
1077,61,3.15,4.8,0.0,5.05,113.0,0.03,10.0,43.0,10.0,milk whole 3.25%,,1,cups,1,ounces
1093,354,35.5,51.8,0.0,,280.0,0.32,60.0,2280.0,2.0,milk dry nonfat ca red,,,,.25,pounds
1094,387,34.3,49.0,0.0,49.0,1184.0,0.3,110.0,517.0,69.0,milk buttermilk dried,,1,cups,,
1124,52,10.9,0.73,0.0,0.71,7.0,0.08,11.0,166.0,0.0,egg white fresh,,1,cups,1,grams
1125,322,15.86,3.59,0.0,0.56,129.0,2.73,5.0,48.0,1085.0,egg yolk fresh,,1,cups,1,grams
1145,717,0.85,0.06,0.0,0.06,24.0,0.02,2.0,11.0,215.0,butter unsalted,1,1,tablespoons,,
1156,452,30.52,2.17,0.0,2.17,895.0,1.88,54.0,423.0,105.0,cheese goat hard type,,,,1,ounces
1161,248,11.47,23.67,0.0,23.67,610.0,0.4,41.0,685.0,0.0,cheese sub mozzarella,,1,cups,1,ounces
1178,181,7.0,7.0,0.0,0.3,141.0,0.06,11.0,70.0,35.0,sour cream reduced fat,,1,cups,,
1179,136,3.5,7.1,0.0,0.22,141.0,0.07,10.0,83.0,35.0,sour cream light,,1,cups,,
1186,105,15.69,7.66,0.0,5.48,351.0,0.19,22.0,702.0,12.0,cheese cream fat free,,1,tablespoons,,
1187,112,3.53,23.53,1.2,14.97,88.0,0.42,40.0,135.0,1.0,yogurt choc nonfat milk,1,,,,
1204,265,20.0,1.37,0.0,0.0,1109.0,0.9,38.0,1529.0,88.0,cheese parmesan dry grated red fat,,1,tablespoons,,
1225,315,6.84,55.35,0.0,49.74,251.0,0.17,22.0,129.0,29.0,dulce de leche,,1,tablespoons,,
1238,237,4.29,37.14,0.0,18.57,86.0,0.26,29.0,129.0,21.0,ice cream sndwch,1,,,,
1251,358,23.54,1.75,0.0,1.23,659.0,0.59,25.0,338.0,95.0,cheese mexican blend,,.25,cups,,
1256,59,10.19,3.6,0.0,3.24,110.0,0.07,11.0,36.0,5.0,yogurt greek plain nonfat,1,,,,
1270,410,24.25,2.13,0.0,0.27,711.0,0.16,27.0,644.0,99.0,cheese cheddar sharp sliced,1,,,,
1286,78,8.64,10.37,0.5,9.54,99.0,0.04,10.0,34.0,3.0,yogurt greek vanilla nonfat,1,,,,
1295,78,2.94,17.04,0.0,5.88,118.0,0.0,16.0,47.0,3.0,yogurt vanilla non-fat,1,1,cups,,
2001,263,6.09,72.12,21.6,,661.0,7.06,135.0,77.0,0.0,allspice ground,,1,tablespoons,,
2002,337,17.6,50.02,14.6,,646.0,36.96,170.0,16.0,0.0,anise seed,,1,tablespoons,,
2003,233,22.98,47.75,37.7,1.71,2240.0,89.8,711.0,76.0,0.0,spices basil dried,,1,tablespoons,,
2004,313,7.61,74.97,26.3,,834.0,43.0,120.0,23.0,0.0,spices bay leaf,,1,tablespoons,,
2005,333,19.77,49.9,38.0,0.64,689.0,16.23,258.0,17.0,0.0,caraway seed,,1,tablespoons,,
2006,311,10.76,68.47,28.0,,383.0,13.97,229.0,18.0,0.0,spices cardamom,,1,tablespoons,,
2009,282,13.46,49.7,34.8,7.19,330.0,17.3,149.0,2867.0,0.0,chili powder,,1,tablespoons,,
2010,247,3.99,80.59,53.1,2.17,1002.0,8.32,60.0,10.0,0.0,cinnamon ground,,1,tablespoons,,
2011,274,5.97,65.53,33.9,2.38,632.0,11.83,259.0,277.0,0.0,cloves ground,,1,tablespoons,,
2014,375,17.81,44.24,10.5,2.25,931.0,66.36,366.0,168.0,0.0,cumin seed,,1,tablespoons,,
2015,325,14.29,55.83,53.2,2.76,525.0,19.1,255.0,52.0,0.0,curry powder,,1,tablespoons,,
2016,305,15.98,55.17,21.1,,1516.0,16.33,256.0,20.0,0.0,dill seed,,1,tablespoons,,
2017,253,19.96,55.82,13.6,,1784.0,48.78,451.0,208.0,0.0,dill weed dried,,1,tablespoons,,
2020,331,16.55,72.73,9.0,2.43,79.0,5.65,77.0,60.0,0.0,garlic powder,,1,tablespoons,,
2021,335,8.98,71.62,14.1,3.39,114.0,19.8,214.0,27.0,0.0,ginger ground,,1,tablespoons,,
2023,271,12.66,60.56,40.3,4.09,1990.0,82.71,346.0,77.0,0.0,marjoram dried,,1,tablespoons,,
2024,508,26.08,28.09,12.2,6.79,266.0,9.21,370.0,13.0,0.0,spices mustard sd ground,,1,tablespoons,,
2025,525,5.84,49.29,20.8,2.99,184.0,3.04,183.0,16.0,0.0,nutmeg ground,,1,tablespoons,,
2026,341,10.41,79.12,15.2,6.63,384.0,3.9,113.0,73.0,0.0,onion powder,,1,tablespoons,,
2027,265,9.0,68.92,42.5,4.09,1597.0,36.8,270.0,25.0,0.0,spices oregano dried,,1,teaspoons,,
2028,282,14.14,53.99,34.9,10.34,229.0,21.14,178.0,68.0,0.0,paprika,,1,tablespoons,,
2029,292,26.63,50.64,26.7,7.27,1140.0,22.04,400.0,452.0,0.0,parsley dried,,1,tablespoons,,
2030,251,10.39,63.95,25.3,0.64,443.0,9.71,171.0,20.0,0.0,pepper black,,1,tablespoons,,
2031,318,12.01,56.63,27.2,10.34,148.0,7.8,152.0,30.0,0.0,pepper red or cayenne,,1,tablespoons,,
2032,296,10.4,68.61,26.2,,265.0,14.31,90.0,5.0,0.0,pepper white,,1,tablespoons,,
2033,525,17.99,28.13,19.5,2.99,1438.0,9.76,347.0,26.0,0.0,poppy seed,,1,tablespoons,,
2034,307,9.59,65.59,11.3,1.8,996.0,35.3,224.0,27.0,0.0,poultry seasoning,,1,tablespoons,,
2035,342,5.76,69.28,14.8,7.76,682.0,19.71,136.0,52.0,0.0,pumpkin pie spice,,1,tablespoons,,
2036,331,4.88,64.06,42.6,,1280.0,29.25,220.0,50.0,0.0,rosemary dried,,1,tablespoons,,
2038,315,10.63,60.73,40.3,1.71,1652.0,28.12,428.0,11.0,0.0,sage ground,,1,tablespoons,,
2041,295,22.77,50.22,7.4,,1139.0,32.3,347.0,62.0,0.0,spices tarragon dried,,1,tablespoons,,
2042,276,9.11,63.94,37.0,1.71,1890.0,123.6,220.0,55.0,0.0,spices thyme dried,,1,tablespoons,,
2043,312,9.68,67.14,22.7,3.21,168.0,55.0,208.0,27.0,0.0,turmeric ground,,1,tablespoons,,
2044,23,3.15,2.65,1.6,0.3,177.0,3.17,64.0,4.0,0.0,basil fresh,5,2,tablespoons,,
2045,43,3.46,7.02,2.1,,208.0,6.59,55.0,61.0,0.0,dill weed fresh,,1,cups,5,grams
2046,60,3.74,5.83,4.0,0.92,63.0,1.61,48.0,1104.0,0.0,mustard prepared yellow,,1,cups,,
2047,0,0.0,0.0,0.0,0.0,24.0,0.33,1.0,38758.0,0.0,salt table,,1,tablespoons,,
2048,21,0.0,0.93,0.0,0.4,7.0,0.2,5.0,5.0,0.0,vinegar cider,,1,cups,,
2049,101,5.56,24.45,14.0,,405.0,17.45,160.0,9.0,0.0,thyme fresh,,.5,teaspoons,,
2050,288,0.06,12.65,0.0,12.65,11.0,0.12,12.0,9.0,0.0,vanilla extract,,1,tablespoons,,
2053,18,0.0,0.04,0.0,0.04,6.0,0.03,1.0,2.0,0.0,vinegar distilled,,1,cups,,
2054,23,2.36,4.89,3.2,0.41,40.0,1.67,33.0,2348.0,0.0,capers canned,,1,tablespoons,,
2055,48,1.18,11.29,3.3,7.99,56.0,0.42,27.0,420.0,0.0,horseradish prepared,,1,tablespoons,,
2063,131,3.31,20.7,14.1,,317.0,6.65,91.0,26.0,0.0,rosemary fresh,,1,tablespoons,,
2068,19,0.04,0.27,0.0,0.0,6.0,0.45,4.0,8.0,,vinegar red wine,,1,cups,,
2069,88,0.49,17.03,,14.95,27.0,0.72,12.0,23.0,,vinegar balsamic,,1,cups,,
2075,322,4.5,58.0,13.3,10.83,0.0,7.2,,7203.0,0.0,seasoning mix dry taco original,,2,teaspoons,,
2076,335,10.82,56.56,10.8,8.67,0.0,3.9,,4616.0,0.0,seasoning mix dry chili original,,1.33,tablespoons,,
4002,902,0.0,0.0,0.0,0.0,0.0,0.0,0.0,0.0,95.0,lard,,1,cups,,
4025,680,0.96,0.57,0.0,0.57,8.0,0.21,1.0,635.0,42.0,salad dressing mayo reg,,1,cups,,
4038,884,0.0,0.0,0.0,0.0,0.0,0.0,0.0,0.0,0.0,oil wheat germ,,1,tablespoons,,
4042,884,0.0,0.0,0.0,0.0,0.0,0.03,0.0,0.0,0.0,oil peanut,,1,cups,,
4047,892,0.0,0.0,0.0,0.0,1.0,0.05,0.0,0.0,0.0,oil cocnt,,1,cups,,
4053,884,0.0,0.0,0.0,0.0,1.0,0.56,0.0,2.0,0.0,oil olive,,1,cups,,
4058,884,0.0,0.0,0.0,0.0,0.0,0.0,0.0,0.0,0.0,oil sesame,,1,cups,,
4073,719,0.9,0.9,0.0,0.0,30.0,0.0,3.0,943.0,0.0,margarine reg hard soybn,1,1,teaspoons,,
4133,631,0.1,3.4,0.0,,6.0,0.2,0.0,658.0,0.0,salad dressing french home recipe,,1,cups,,
4510,884,0.0,0.0,0.0,0.0,0.0,0.0,0.0,0.0,0.0,oil safflower linoleic,,1,cups,,
4513,862,0.0,0.0,0.0,0.0,0.0,0.0,0.0,0.0,0.0,vegetable oil palm kernel,,1,cups,,
4517,884,0.0,0.0,0.0,0.0,0.0,0.0,0.0,0.0,0.0,oil grapeseed,,1,cups,,
4528,884,0.0,0.0,0.0,0.0,0.0,0.0,0.0,0.0,0.0,oil walnut,,1,cups,,
4530,884,0.0,0.0,0.0,0.0,0.0,0.0,0.0,0.0,0.0,oil apricot kernel,,1,cups,,
4532,884,0.0,0.0,0.0,0.0,0.0,0.0,0.0,0.0,0.0,oil hazelnut,,1,cups,,
4542,900,0.0,0.0,0.0,0.0,0.0,0.0,0.0,0.0,85.0,fat chicken,,1,cups,,
4556,884,0.0,0.0,0.0,,0.0,0.0,0.0,0.0,0.0,shortening frying palm,,1,cups,,
4574,882,0.0,0.0,0.0,0.0,0.0,0.0,0.0,0.0,100.0,fat duck,,1,cups,,
4575,900,0.0,0.0,0.0,0.0,0.0,0.0,0.0,0.0,102.0,fat turkey,,1,teaspoons,,
4581,884,0.0,0.0,0.0,,0.0,0.0,0.0,0.0,,oil avocado,,1,cups,,
4582,884,0.0,0.0,0.0,0.0,0.0,0.0,0.0,0.0,0.0,oil canola,,1,cups,,
4583,884,0.0,0.0,0.0,,0.0,0.0,0.0,0.0,,oil mustard,,1,cups,,
4602,499,3.3,0.0,0.0,0.0,48.0,1.09,5.0,36.0,106.0,butter light stk unsalted,,1,tablespoons,,
4609,897,0.0,0.0,0.0,0.0,0.0,0.0,0.0,150.0,95.0,animal fat bacon grease,,1,teaspoons,,
4615,884,0.0,0.0,0.0,0.0,1.0,0.07,0.0,4.0,0.0,shortening vegetable household comp,,1,cups,,
4639,430,1.32,5.9,0.0,4.69,28.0,0.3,5.0,901.0,26.0,salad dressing ranch dressing reg,1,1,tablespoons,,
4679,792,0.26,20.69,0.0,0.0,0.0,0.0,0.0,59.0,0.0,oil pam cooking spray original,1,,,,
4687,357,0.0,5.71,,,4.0,0.0,1.0,670.0,,margarine-like sprd benecol light sprd,,1,tablespoons,,
4706,169,1.07,38.43,1.2,17.75,24.0,0.36,13.0,1004.0,1.0,dressing honey mustard fat-free,,2,tablespoons,,
4709,158,0.65,16.4,0.0,6.67,5.0,0.12,2.0,833.0,0.0,salad dressing mayonnaise-type light,,,,,
5057,172,20.85,0.0,0.0,0.0,11.0,0.74,25.0,63.0,64.0,chicken breast meat&skn,.5,,,,
5115,127,18.14,1.14,0.0,,10.0,5.4,17.0,77.0,236.0,chicken roasting giblets,1,,,,
5171,124,18.18,0.07,0.0,0.0,18.0,5.92,22.0,136.0,333.0,turkey whole giblets,1,,,3,ounces
5173,111,18.8,0.0,0.0,0.0,16.0,2.78,19.0,147.0,271.0,turkey gizzard all classes,1,,,,
5305,148,19.66,0.0,0.0,0.0,19.0,1.09,23.0,58.0,69.0,ground turkey,,,,1,ounces
5311,185,25.3,0.9,0.0,0.0,14.0,1.3,19.0,482.0,50.0,chicken canned no broth,,1,cups,1,ounces
5732,155,21.88,0.0,0.0,0.0,9.0,0.77,24.0,72.0,63.0,turkey rtl parts breast meat & skn,1,,,3,ounces
6006,142,7.6,16.75,4.6,,66.0,1.78,37.0,831.0,9.0,soup bean w/ frankfurters cnd cond,1,1,cups,,
6010,72,1.32,7.03,0.6,1.35,32.0,0.5,5.0,516.0,11.0,soup cream of celery cnd cond,1,.5,cups,,
6043,79,1.35,6.8,0.7,0.4,12.0,0.18,3.0,691.0,0.0,soup cream of mushroom cnd cond,,.5,cups,,
6076,170,17.3,16.1,0.0,14.51,60.0,2.23,50.0,24000.0,4.0,soup beef broth cubed dry,1,,,,
6094,293,7.48,65.07,6.6,4.65,143.0,1.25,60.0,8031.0,0.0,soup onion dry mix,1,1,tablespoons,,
6116,53,3.75,4.81,0.4,0.21,6.0,0.7,2.0,560.0,3.0,gravy beef cnd rts,1,1,cups,,
6121,50,1.26,5.47,0.4,,7.0,0.66,2.0,570.0,0.0,gravy mushroom canned,1,1,cups,,
6147,61,4.6,5.2,0.2,,4.0,0.7,7.0,709.0,5.0,soup beef mushroom cnd cond,1,.5,cups,,
6150,172,0.82,40.77,0.9,33.24,33.0,0.64,13.0,1027.0,0.0,sauce barbecue,,.5,cups,,
6152,54,2.18,8.66,2.0,3.78,54.0,0.9,21.0,348.0,0.0,sauce pizza cnd rts,,.25,cups,,
6159,66,1.46,15.22,1.1,8.23,13.0,0.59,14.0,377.0,0.0,soup tomato cnd cond,1,1,cups,,
6164,29,1.52,6.64,1.9,4.01,30.0,0.42,15.0,711.0,0.0,sauce salsa rts,,.5,cups,,
6168,11,0.51,1.75,0.3,1.26,8.0,0.48,5.0,2643.0,0.0,sauce rts pepper or hot,,.25,teaspoons,,
6169,12,1.29,0.8,0.6,0.13,12.0,1.16,12.0,633.0,0.0,sauce rts pepper tabasco,,.25,teaspoons,,
6170,13,1.97,1.2,0.0,0.54,8.0,0.27,7.0,198.0,0.0,soup stock beef home-prepared,,1,cups,,
6175,220,3.31,44.08,2.8,27.26,32.0,1.01,24.0,1615.0,3.0,sauce hoisin rts,,1,tablespoons,,
6176,51,1.35,10.92,0.3,0.0,32.0,0.18,4.0,2733.0,0.0,sauce oyster rts,,1,tablespoons,,
6599,40,1.67,8.33,1.7,6.67,,0.6,,867.0,0.0,pace enchilada sauce,1,.25,cups,,
6600,25,0.0,6.25,,6.25,,,,625.0,0.0,pace grn taco sauce,1,2,tablespoons,,
6603,25,0.0,6.25,3.1,6.25,,,,781.0,0.0,pace picante sauce,1,2,tablespoons,,
6615,6,0.23,1.02,0.0,0.57,3.0,0.08,1.0,303.0,0.0,soup swanson vegetable broth,,1,cups,1,ounces
6626,418,9.83,10.09,1.8,6.33,306.0,0.57,47.0,603.0,,sauce pesto rts refr,,.25,cups,,
6731,117,6.5,18.0,4.6,,,1.37,,672.0,3.0,soup bean with bacon cond single brand,,1,cups,,
6931,50,1.39,7.43,1.8,4.91,26.0,0.73,18.0,437.0,2.0,sauce pasta spaghetti/marinara rts,,1,cups,,
6962,20,0.7,5.0,1.9,2.55,5.0,0.4,12.0,25.0,0.0,sauce chili peppers hot immat grn cnd,,1,cups,,
6963,16,2.0,0.4,0.0,0.09,30.0,0.21,1.0,318.0,0.0,fish broth,,1,cups,1,ounces
6971,78,0.0,19.46,0.0,10.03,107.0,5.3,13.0,980.0,0.0,sauce worcestershire,,1,cups,,
6981,438,16.7,64.88,0.2,14.47,187.0,1.03,56.0,1067.0,13.0,soup bouillon cubes&granules lo na dry,1,1,teaspoons,,
7005,379,14.6,1.29,0.0,1.29,6.0,6.4,8.0,680.0,120.0,blood sausage,4,,,,
7007,299,10.91,4.29,0.0,2.05,21.0,1.29,13.0,1013.0,57.0,bologna beef,1,,,,
7010,247,15.3,0.73,0.0,0.0,11.0,0.77,14.0,907.0,59.0,bologna pork,1,,,,
7033,245,16.18,2.28,0.0,,217.0,0.76,18.0,1197.0,61.0,ham and cheese spread,,1,tablespoons,1,ounces
7036,346,14.25,0.65,0.0,,18.0,1.18,14.0,731.0,76.0,sausage italian pork,,,,1,pounds
7057,504,19.25,1.18,0.0,0.0,19.0,1.33,18.0,1582.0,97.0,pepperoni beef & pork sliced,1,,,3,ounces
7059,326,14.1,1.63,0.0,,12.0,1.44,14.0,876.0,70.0,polish sausage pork,1,,,3,ounces
7074,309,11.98,0.94,0.0,0.94,11.0,0.59,11.0,827.0,61.0,smoked link sausage pork,1,,,,
7207,331,14.25,2.6,0.2,1.2,9.0,10.51,14.0,1159.0,178.0,oscar mayer braunschweiger liver sausage,1,,,3,ounces
7230,368,25.9,1.6,0.0,0.2,12.0,1.83,21.0,1976.0,97.0,oscar mayer salami,1,,,,
7912,223,15.27,3.73,0.2,0.71,23.0,2.06,24.0,724.0,70.0,roast beef sprd,,1,cups,,
7914,149,16.13,2.1,0.0,0.0,25.0,1.19,12.0,570.0,30.0,sausage italian swt links,,,,1,ounces
7972,286,14.4,8.06,2.3,3.47,80.0,1.77,31.0,666.0,66.0,meatballs frozen italian style,3,,,3,ounces
7974,253,13.33,4.8,0.0,0.0,10.0,0.72,19.0,900.0,100.0,bacon turkey lo na,1,,,,
8029,328,9.9,80.5,18.3,18.6,44.0,28.0,229.0,540.0,0.0,cereals rte post bran flakes,,.75,cups,,
9008,67,0.18,16.84,2.0,14.84,4.0,0.24,3.0,3.0,0.0,apples cnd swtnd sliced drnd htd,,1,cups,,
9021,48,1.4,11.12,2.0,9.24,13.0,0.39,10.0,1.0,0.0,apricots,,1,cups,,
9039,120,2.23,7.82,5.6,2.42,10.0,0.17,24.0,2.0,0.0,avocados florida,1,1,cups,,
9040,89,1.09,22.84,2.6,12.23,5.0,0.26,27.0,1.0,0.0,bananas,,1,cups,,
9042,43,1.39,9.61,5.3,4.88,29.0,0.62,20.0,1.0,0.0,blackberries,,1,cups,,
9043,38,0.3,7.8,0.1,7.7,12.0,0.48,21.0,1.0,0.0,blackberry juice cnd,,1,cups,,
9044,333,1.25,80.45,2.5,67.15,38.0,0.68,22.0,13.0,0.0,cherries tart dried swtnd,,.25,cups,,
9050,57,0.74,14.49,2.4,9.96,6.0,0.28,6.0,1.0,0.0,blueberries,50,1,cups,,
9053,57,0.0,13.85,4.4,,17.0,0.58,7.0,3.0,0.0,blueberries wild frozen,,1,cups,,
9070,63,1.06,16.01,2.1,12.82,13.0,0.36,11.0,0.0,0.0,cherries sweet,,1,cups,,
9078,46,0.46,11.97,3.6,4.27,8.0,0.23,6.0,2.0,0.0,cranberries,,1,cups,,
9079,308,0.17,82.8,5.3,72.56,9.0,0.39,4.0,5.0,0.0,cranberries dried swtnd,,.25,cups,,
9081,159,0.9,40.4,1.1,31.75,3.0,0.41,2.0,5.0,0.0,cranberry sauce cnd swtnd,1,1,cups,,
9085,283,4.08,74.08,6.8,67.28,86.0,3.26,41.0,8.0,0.0,currants zante dried,,1,cups,,
9089,74,0.75,19.18,2.9,16.26,35.0,0.37,17.0,1.0,0.0,figs,1,,,,
9095,107,1.42,27.57,4.2,23.35,70.0,0.88,29.0,4.0,0.0,figs dried stewed,,1,cups,,
9129,57,0.81,13.93,3.9,,37.0,0.26,14.0,1.0,,grapes muscadine,,,,1,grams
9152,22,0.35,6.9,0.3,2.52,6.0,0.08,6.0,1.0,0.0,lemon juice,,1,cups,1,ounces
9156,47,1.5,16.0,10.6,4.17,134.0,0.8,15.0,6.0,0.0,lemon peel,,1,teaspoons,,
9159,30,0.7,10.54,2.8,1.69,33.0,0.6,6.0,2.0,0.0,limes,1,,,,
9160,25,0.42,8.42,0.4,1.69,14.0,0.09,8.0,2.0,0.0,lime juice,,1,cups,1,ounces
9176,60,0.82,14.98,1.6,13.66,11.0,0.16,10.0,1.0,0.0,mangos,1,1,cups,,
9181,34,0.84,8.16,0.9,7.86,9.0,0.21,12.0,16.0,0.0,melons cantaloupe,,1,cups,,
9184,36,0.54,9.09,0.8,8.12,6.0,0.17,10.0,18.0,0.0,melons honeydew,1,1,cups,,
9193,115,0.84,6.26,3.2,0.0,88.0,3.3,4.0,735.0,0.0,olives ripe cnd,,1,tablespoons,1,grams
9202,49,0.91,12.54,2.2,8.5,43.0,0.13,11.0,1.0,0.0,oranges navels,1,,,,
9206,45,0.7,10.4,0.2,8.4,11.0,0.2,11.0,1.0,0.0,orange juice,,1,cups,1,ounces
9216,97,1.5,25.0,10.6,,161.0,0.8,22.0,3.0,0.0,orange peel,,1,teaspoons,,
9226,43,0.47,10.82,1.7,7.82,20.0,0.25,21.0,8.0,0.0,papayas,,1,cups,,
9231,97,2.2,23.38,10.4,11.2,12.0,1.6,29.0,28.0,0.0,passion-fruit purple,1,1,cups,,
9236,39,0.91,9.54,1.5,8.39,6.0,0.25,9.0,0.0,0.0,peaches yellow,1,1,cups,,
9239,42,0.4,11.1,1.0,,5.0,0.3,5.0,5.0,0.0,peaches cnd ex light syrup sol&liquids,,1,cups,,
9250,94,0.63,23.98,1.8,22.18,3.0,0.37,5.0,6.0,0.0,peaches frozen sliced swtnd,10,1,cups,,
9252,57,0.36,15.23,3.1,9.75,9.0,0.18,7.0,1.0,0.0,pears,,1,cups,,
9266,50,0.54,13.12,1.4,9.85,13.0,0.29,12.0,1.0,0.0,pineapple all var,1,1,cups,,
9272,86,0.4,22.2,1.1,21.1,9.0,0.4,10.0,2.0,0.0,pineapple frozen chunks swtnd,,1,cups,,
9279,46,0.7,11.42,1.4,9.92,6.0,0.17,7.0,0.0,0.0,plums,1,1,cups,,
9287,41,0.73,9.57,3.6,,56.0,0.3,85.0,5.0,0.0,prickly pears,1,1,cups,,
9298,299,3.07,79.18,3.7,59.19,50.0,1.88,32.0,11.0,0.0,raisins seedless,,1,cups,,
9299,296,2.52,78.47,6.8,,28.0,2.59,30.0,28.0,0.0,raisins seeded,,1,cups,,
9302,52,1.2,11.94,6.5,4.42,25.0,0.69,22.0,1.0,0.0,raspberries,,1,pints,,
9307,21,0.9,4.54,1.8,1.1,86.0,0.22,12.0,4.0,0.0,rhubarb,1,1,cups,,
9316,32,0.67,7.68,2.0,4.89,16.0,0.41,13.0,1.0,0.0,strawberries,,1,cups,,
9318,35,0.43,9.13,2.1,4.56,16.0,0.75,11.0,2.0,0.0,strawberries frozen unswtnd,,1,cups,,
9320,96,0.53,25.92,1.9,24.01,11.0,0.59,7.0,3.0,0.0,strawberries frozen swtnd sliced,1,1,cups,,
9354,60,0.51,15.56,1.3,14.26,16.0,0.28,15.0,1.0,0.0,pineapple cnd juice pk drnd,,1,cups,,
9370,72,0.52,18.43,1.2,14.66,3.0,0.27,5.0,6.0,0.0,peaches cnd heavy syrup drnd,1,1,cups,,
9403,56,0.37,14.39,0.6,13.24,7.0,0.38,5.0,3.0,0.0,apricot nectar cnd w/ vit c,,1,cups,1,ounces
9404,39,0.5,9.2,,,9.0,0.2,12.0,1.0,0.0,grapefruit juice pink,1,1,cups,,
9413,62,0.33,14.94,3.0,9.54,11.0,0.19,7.0,1.0,,pears red anjou,1,,,,
9414,67,0.36,16.1,3.1,10.23,10.0,0.15,7.0,1.0,,pears bosc,1,1,cups,,
9421,277,1.81,74.97,6.7,66.47,64.0,0.9,54.0,1.0,,dates medjool,1,,,,
9436,51,0.11,13.12,0.3,12.45,17.0,0.36,3.0,5.0,0.0,mango nectar cnd,,1,cups,,
9500,59,0.27,14.06,2.3,10.48,6.0,0.11,5.0,1.0,,apples red delicious w/ skn,,1,cups,1,grams
9501,57,0.28,13.6,2.4,10.04,6.0,0.13,5.0,2.0,,apples golden delicious w/ skn,,1,cups,1,grams
9502,58,0.44,13.61,2.8,9.59,5.0,0.15,5.0,1.0,,apples granny smith w/ skn,,1,cups,1,grams
9503,57,0.25,13.68,2.3,10.37,7.0,0.12,5.0,1.0,,apples gala w/ skn,,1,cups,1,grams
9518,52,1.2,11.94,6.5,4.42,25.0,0.69,22.0,1.0,0.0,raspberries frozen unswtnd,,1,cups,,
9526,160,1.05,40.61,1.0,32.2,3.0,0.62,2.0,5.0,0.0,cranberry sauce jellied cnd ocean spray,,.25,cups,,
10024,143,21.43,0.0,0.0,0.0,17.0,0.84,23.0,52.0,59.0,pork fresh loin whole ln,1,,,3,ounces
10123,417,12.62,1.28,0.0,1.0,5.0,0.41,12.0,662.0,66.0,bacon unprep,1,,,,
10130,110,20.31,1.34,0.0,0.9,6.0,0.44,20.0,751.0,48.0,canadian bacon unprep,2,,,3,ounces
10218,120,20.65,0.0,0.0,0.0,6.0,0.97,27.0,52.0,65.0,pork fresh loin tenderloin ln&fat,1,,,3,ounces
10219,263,16.88,0.0,0.0,,14.0,0.88,19.0,56.0,72.0,pork fresh ground,,,,4,ounces
10220,297,25.69,0.0,0.0,0.0,22.0,1.29,24.0,73.0,94.0,pork fresh ground cooked,,,,3,ounces
11007,47,3.27,10.51,5.4,0.99,44.0,1.28,60.0,94.0,0.0,artichokes,1,,,,
11011,20,2.2,3.88,2.1,1.88,24.0,2.14,14.0,2.0,0.0,asparagus,1,1,cups,,
11018,24,3.23,4.1,1.9,,25.0,0.73,14.0,8.0,0.0,asparagus frozen unprep,1,,,,
11052,31,1.83,6.97,2.7,3.26,37.0,1.03,25.0,6.0,0.0,beans snap green,10,1,cups,,
11080,43,1.61,9.56,2.8,6.76,16.0,0.8,23.0,78.0,0.0,beets,1,1,cups,,
11086,22,2.2,4.33,3.7,0.5,117.0,2.57,70.0,226.0,0.0,beet greens,1,1,cups,,
11090,34,2.82,6.64,2.6,1.7,47.0,0.73,21.0,33.0,0.0,broccoli,1,1,cups,,
11094,29,3.06,5.35,3.0,1.47,41.0,0.72,16.0,17.0,0.0,broccoli frozen spears unprep,1,,,,
11098,43,3.38,8.95,3.8,2.2,42.0,1.4,23.0,25.0,0.0,brussels sprouts,1,1,cups,,
11100,41,3.78,7.86,3.8,,26.0,0.93,20.0,10.0,0.0,brussels sprouts frozen unprep,1,,,,
11109,25,1.28,5.8,2.5,3.2,40.0,0.47,12.0,18.0,0.0,cabbage,,1,cups,,
11112,31,1.43,7.37,2.1,3.83,45.0,0.8,16.0,27.0,0.0,cabbage red,,1,cups,,
11124,41,0.93,9.58,2.8,4.74,33.0,0.3,12.0,69.0,0.0,carrots,,1,cups,,
11134,160,1.36,38.06,1.8,1.7,16.0,0.27,21.0,14.0,0.0,cassava,1,1,cups,,
11135,25,1.92,4.97,2.0,1.91,22.0,0.42,15.0,30.0,0.0,cauliflower,1,,,,
11143,16,0.69,2.97,1.6,1.34,40.0,0.2,11.0,80.0,0.0,celery,1,1,cups,,
11147,19,1.8,3.74,1.6,1.1,51.0,1.8,81.0,213.0,0.0,chard swiss,1,1,cups,,
11156,30,3.27,4.35,2.5,1.85,92.0,1.6,42.0,3.0,0.0,chives,,1,teaspoons,,
11182,131,3.62,25.87,2.6,3.36,5.0,0.39,25.0,4.0,0.0,corn yellow whole kernel frozen microwaved,,1,cups,,
11206,12,0.59,2.16,0.7,1.38,14.0,0.22,12.0,2.0,0.0,cucumber peeled,,1,cups,,
11209,25,0.98,5.88,3.0,3.53,9.0,0.23,14.0,2.0,0.0,eggplant,1,1,cups,,
11212,121,11.91,8.91,5.2,2.18,63.0,2.27,64.0,6.0,0.0,edamame frozen prep,,1,cups,,
11215,149,6.36,33.06,2.1,1.0,181.0,1.7,25.0,17.0,0.0,garlic,,1,teaspoons,,
11216,80,1.82,17.77,2.0,1.7,16.0,0.6,43.0,13.0,0.0,ginger root,,.25,cups,,
11233,49,4.28,8.75,3.6,2.26,150.0,1.47,47.0,38.0,0.0,kale,1,,,,
11238,34,2.24,6.79,2.5,2.38,2.0,0.41,20.0,9.0,,mushrooms shiitake,1,,,,
11240,31,3.12,5.1,2.8,0.6,43.0,12.18,19.0,21.0,,mushrooms morel,1,1,cups,,
11246,61,1.5,14.15,1.8,3.9,59.0,2.1,28.0,20.0,0.0,leeks,1,1,cups,,
11251,17,1.23,3.29,2.1,1.19,33.0,0.97,14.0,8.0,0.0,lettuce cos or romaine,1,1,cups,,
11252,14,0.9,2.97,1.2,1.97,18.0,0.41,7.0,10.0,0.0,lettuce iceberg,1,1,cups,,
11253,15,1.36,2.87,1.3,0.78,36.0,0.86,13.0,28.0,0.0,lettuce grn leaf,1,1,cups,,
11257,16,1.33,2.26,0.9,0.48,33.0,1.2,12.0,25.0,0.0,lettuce red leaf,1,1,cups,,
11265,22,2.11,3.87,1.3,2.5,3.0,0.31,,9.0,0.0,mushrooms portabella,1,1,cups,,
11278,33,1.93,7.45,3.2,1.48,82.0,0.62,57.0,7.0,0.0,okra,8,1,cups,,
11282,40,1.1,9.34,1.7,4.24,23.0,0.21,10.0,4.0,0.0,onions,,1,cups,,
11291,32,1.83,7.34,2.6,2.33,72.0,1.48,20.0,16.0,0.0,onions spring or scallions,,1,tablespoons,,
11297,36,2.97,6.33,3.3,0.85,138.0,6.2,50.0,56.0,0.0,parsley fresh,,1,tablespoons,,
11298,75,1.2,17.99,4.9,4.8,36.0,0.59,29.0,10.0,0.0,parsnips,,1,cups,,
11304,81,5.42,14.45,5.7,5.67,25.0,1.47,33.0,5.0,0.0,peas green,,1,cups,,
11312,77,5.22,13.62,4.5,5.0,22.0,1.53,26.0,108.0,0.0,peas grn frozen unprep,1,1,cups,,
11353,79,2.14,18.07,1.3,0.62,13.0,0.86,23.0,5.0,0.0,potatoes russet flesh & skn,1,.5,cups,,
11354,69,1.68,15.71,2.4,1.15,9.0,0.52,21.0,16.0,0.0,potatoes white flesh & skn,1,.5,cups,,
11355,70,1.89,15.9,1.7,1.29,10.0,0.73,22.0,18.0,0.0,potatoes red flesh & skn,1,.5,cups,,
11362,58,2.57,12.44,2.5,,30.0,3.24,23.0,10.0,0.0,potatoes skin,1,,,,
11384,314,8.9,74.31,4.1,,311.0,1.63,64.0,2095.0,,potatoes au gratin dry mix unprep,1,,,,
11390,82,2.06,17.72,1.4,,10.0,0.98,11.0,22.0,,potatoes hash brown frozen plain unprep,1,.5,cups,,
11413,357,6.9,83.1,5.9,3.52,65.0,1.38,65.0,55.0,0.0,potato flour,,1,cups,,
11422,26,1.0,6.5,0.5,2.76,21.0,0.8,12.0,1.0,0.0,pumpkin,,1,cups,,
11439,19,0.91,4.28,2.9,1.78,30.0,1.47,13.0,661.0,0.0,sauerkraut cnd sol&liquids,,1,cups,,
11457,23,2.86,3.63,2.2,0.42,99.0,2.71,79.0,79.0,0.0,spinach,1,1,cups,,
11482,40,0.8,10.42,1.5,,33.0,0.7,32.0,3.0,0.0,squash winter acorn,1,1,cups,,
11485,45,1.0,11.69,2.0,2.2,48.0,0.7,34.0,4.0,0.0,squash wntr butternut,,1,cups,,
11492,31,0.64,6.91,1.5,2.76,23.0,0.31,12.0,17.0,0.0,squash wntr spaghetti,,1,cups,,
11505,42,2.49,8.82,5.3,,78.0,0.97,70.0,6.0,0.0,sweet potato leaves,1,1,cups,,
11527,23,1.2,5.1,1.1,4.0,13.0,0.51,10.0,13.0,0.0,tomatoes green,,1,cups,1,grams
11564,28,0.9,6.43,1.8,3.8,30.0,0.3,11.0,67.0,0.0,turnips,,1,cups,1,grams
11578,22,0.93,3.87,0.5,2.84,14.0,0.28,11.0,169.0,0.0,vegetable juice cocktail cnd,,1,cups,6,ounces
11591,11,2.3,1.29,0.5,0.2,120.0,0.2,21.0,41.0,0.0,watercress,,1,cups,1,grams
11609,65,0.8,16.28,0.8,11.05,11.0,0.41,15.0,149.0,0.0,beets pickled cnd sol&liquids,,1,cups,,
11672,268,6.08,27.81,3.3,1.79,32.0,1.67,36.0,764.0,95.0,potato pancakes,1,,,,
11677,72,2.5,16.8,3.2,7.87,37.0,1.2,21.0,12.0,0.0,shallots,,1,tablespoons,,
11683,341,8.1,79.57,23.6,38.82,212.0,3.93,118.0,275.0,0.0,carrot dehydrated,,1,cups,,
11693,32,1.64,7.29,1.9,4.4,34.0,1.3,20.0,186.0,0.0,tomatoes crushed canned,,.5,cups,,
11697,65,4.24,13.39,1.3,,6.0,2.22,25.0,26.0,0.0,arrowroot,1,1,cups,,
11821,31,0.99,6.03,2.1,4.2,7.0,0.43,12.0,4.0,0.0,peppers swt red,,1,cups,,
11935,101,1.04,27.4,0.3,21.27,15.0,0.35,13.0,907.0,0.0,catsup,1,1,tablespoons,,
11945,130,0.37,35.06,1.1,29.13,3.0,0.87,5.0,811.0,0.0,pickle relish sweet,,1,tablespoons,,
11947,12,0.5,2.41,1.0,1.07,57.0,0.26,7.0,18.0,0.0,pickles cucumber dill red na,1,,,,
11951,27,1.0,6.32,0.9,,11.0,0.46,12.0,2.0,0.0,peppers sweet yellow,10,,,,
11952,23,1.43,4.48,0.9,0.6,19.0,0.57,13.0,22.0,0.0,radicchio,1,1,cups,,
11953,21,2.71,3.11,1.1,,21.0,0.79,33.0,3.0,0.0,squash zucchini baby,1,,,1,grams
11955,258,14.11,55.76,12.3,37.59,110.0,9.09,194.0,107.0,0.0,tomatoes sun-dried,1,1,cups,,
11956,213,5.06,23.33,5.8,,47.0,2.68,81.0,266.0,0.0,tomatoes sun-dried packed in oil drnd,1,1,cups,,
11957,31,1.24,7.3,3.1,3.93,49.0,0.73,17.0,52.0,0.0,fennel bulb,,1,cups,1,pounds
11958,129,0.63,34.48,3.2,,4.0,1.14,7.0,1096.0,0.0,pickle relish hamburger,,.5,cups,,
11959,25,2.58,3.65,1.6,2.05,160.0,1.46,47.0,27.0,0.0,arugula,1,.5,cups,,
11960,35,0.64,8.24,2.9,4.76,32.0,0.89,10.0,78.0,0.0,carrots baby,1,,,1,grams
11976,27,1.66,5.35,3.4,1.95,14.0,0.46,17.0,13.0,0.0,pepper banana,1,1,cups,,
11979,29,0.91,6.5,2.8,4.12,12.0,0.25,15.0,3.0,0.0,peppers jalapeno,1,1,cups,,
12023,573,17.73,23.45,11.8,0.3,975.0,14.55,351.0,11.0,0.0,sesame seeds whole dried,,1,tablespoons,,
12061,579,21.15,21.55,12.5,4.35,269.0,3.71,270.0,1.0,0.0,almonds,,1,cups,,
12062,590,21.4,18.67,9.9,4.63,236.0,3.28,268.0,19.0,0.0,almonds blanched,,1,tablespoons,,
12063,598,20.96,21.01,10.9,4.86,268.0,3.73,279.0,3.0,0.0,almonds dry rstd unsalted,1,1,cups,,
12110,443,3.35,40.91,4.5,,14.0,1.84,49.0,20.0,0.0,coconut meat dried swtnd flaked cnd,,1,cups,4,ounces
12115,330,3.63,6.65,2.2,,11.0,2.28,28.0,4.0,0.0,coconut cream,,1,cups,,
12117,230,2.29,5.54,2.2,3.34,16.0,1.64,37.0,15.0,0.0,coconut milk,,1,tablespoons,,
12119,19,0.72,3.71,1.1,2.61,24.0,0.29,25.0,105.0,0.0,coconut h2o,,1,tablespoons,,
12142,691,9.17,13.86,9.6,3.97,70.0,2.53,121.0,0.0,0.0,pecans,,1,cups,,
12147,673,13.69,13.08,3.7,3.59,16.0,5.53,251.0,2.0,0.0,nuts pine nuts dried,1,1,cups,,
12155,654,15.23,13.71,6.7,2.61,98.0,2.91,158.0,2.0,0.0,walnuts english,,1,cups,,
12179,501,2.88,47.67,4.5,43.17,15.0,1.92,50.0,262.0,0.0,coconut meat dried swtnd shredded,1,1,cups,,
12195,614,20.96,18.82,10.3,4.43,347.0,3.49,279.0,7.0,0.0,almond butter plain unsalted,,1,cups,,
13023,155,20.72,0.0,0.0,0.0,5.0,1.92,23.0,79.0,62.0,beef brisket whole ln all grds,,,,1,pounds
13047,198,19.42,0.0,0.0,0.0,12.0,1.99,19.0,68.0,62.0,beef grass-fed ground,1,,,,
13350,153,31.1,2.76,0.0,2.7,8.0,2.42,19.0,2790.0,79.0,beef cured dried,10,,,,
14054,50,0.63,9.38,0.4,8.75,188.0,0.53,12.0,71.0,0.0,beverages almond milk choc rtd,,1,cups,8,ounces
14106,82,0.07,2.6,0.0,0.96,9.0,0.27,10.0,5.0,0.0,alcoholic bev wine table white,1,,,1,ounces
14130,51,0.0,13.3,0.0,13.3,5.0,0.05,1.0,12.0,0.0,carbonated bev cream soda,1,,,1,ounces
14136,34,0.0,8.76,0.0,8.9,3.0,0.18,1.0,7.0,0.0,beverages carb ginger ale,1,,,1,ounces
14157,41,0.0,10.6,0.0,10.6,5.0,0.05,1.0,13.0,0.0,beverages carb root beer,1,,,1,ounces
14160,84,0.07,2.16,0.0,0.96,9.0,0.27,10.0,5.0,,alcoholic bev wine table white chardonnay,1,,,1,ounces
14180,2,0.3,0.23,0.0,0.0,2.0,0.02,4.0,1.0,0.0,beverages coffee brewed brkfst blend,,1,cups,,
14210,9,0.12,1.67,0.0,0.0,2.0,0.13,80.0,14.0,0.0,beverages coffee brewed espresso rest-prep,,,,1,ounces
14282,57,0.0,14.55,0.1,14.11,7.0,0.13,6.0,9.0,0.0,beverages grape juice drk cnd,,,,6,ounces
14327,51,0.3,12.7,0.1,12.06,5.0,0.1,5.0,2.0,0.0,beverages orange & apricot juice drk cnd,,1,cups,1,ounces
14639,47,0.28,9.17,0.3,5.28,118.0,0.2,11.0,39.0,0.0,beverages rice milk unswtnd,8,,,,
15001,131,20.35,0.0,0.0,0.0,147.0,3.25,41.0,104.0,60.0,anchovy european,,,,3,ounces
15013,98,18.99,0.0,0.0,,12.0,0.4,17.0,55.0,50.0,cisco,1,,,3,ounces
15033,74,16.32,0.0,0.0,0.0,11.0,0.17,21.0,213.0,54.0,haddock,1,,,3,ounces
15035,116,25.23,0.0,0.0,0.0,49.0,1.4,54.0,763.0,77.0,haddock smoked,1,,,1,ounces
15073,76,16.41,0.0,0.0,0.0,9.0,1.01,17.0,72.0,60.0,roughy orange,,,,3,ounces
15077,117,18.28,0.0,0.0,0.0,11.0,0.85,18.0,672.0,23.0,salmon chinook smoked,,,,3,ounces
15079,120,20.14,0.0,0.0,,11.0,0.55,22.0,50.0,74.0,salmon chum,.5,,,3,ounces
15128,187,16.04,9.41,0.0,,17.0,1.0,19.0,402.0,13.0,tuna salad,,1,cups,3,ounces
15139,87,18.06,0.04,0.0,,89.0,0.74,34.0,293.0,78.0,crab blue,1,,,3,ounces
15152,100,20.42,0.0,0.0,0.0,145.0,2.13,33.0,870.0,252.0,shrimp mxd sp cnd,,1,cups,1,ounces
16005,155,5.54,21.63,5.5,,61.0,1.99,43.0,422.0,5.0,beans baked home prepared,,1,cups,,
16009,106,5.19,19.99,5.5,,53.0,1.7,34.0,414.0,7.0,beans bkd cnd with pork,,1,cups,,
16014,341,21.6,62.36,15.5,2.12,123.0,5.02,171.0,5.0,0.0,beans black mature seeds,,1,tablespoons,,
16024,339,21.86,62.37,20.2,2.26,175.0,5.47,189.0,14.0,0.0,beans great northern mature seeds,,1,cups,,
16032,337,22.53,61.29,15.2,2.1,83.0,6.69,138.0,12.0,0.0,beans kidney red mature seeds,,1,tablespoons,,
16042,347,21.42,62.55,15.5,2.11,113.0,5.07,176.0,12.0,0.0,beans pinto mature seeds,,1,tablespoons,,
16056,378,20.47,62.95,12.2,10.7,57.0,4.31,79.0,24.0,0.0,chickpeas mature seeds,,1,tablespoons,,
16059,103,6.12,13.24,3.3,1.65,47.0,3.43,45.0,423.0,17.0,chili with beans canned,,1,tablespoons,,
16091,570,26.15,15.83,9.5,,106.0,3.91,188.0,22.0,0.0,peanuts spanish,,1,cups,1,ounces
16114,192,20.29,7.64,,,111.0,2.7,81.0,9.0,0.0,tempeh,,1,cups,,
16124,60,10.51,5.57,0.8,1.7,20.0,2.38,40.0,5586.0,0.0,soy sauce made from soy,,1,teaspoons,,
16129,270,18.82,8.86,3.9,2.72,372.0,4.87,60.0,16.0,0.0,tofu fried,1,,,1,ounces
16137,177,4.86,20.12,4.0,0.27,49.0,1.56,29.0,242.0,0.0,hummus home prep,,1,cups,,
16156,593,26.06,17.69,5.7,10.94,45.0,17.5,370.0,366.0,0.0,peanut butter chunky vitamin&mineral fort,,1,cups,,
16157,387,22.39,57.82,10.8,10.85,45.0,4.86,166.0,64.0,0.0,chickpea flour,,1,cups,,
16161,55,4.8,2.9,0.1,1.31,31.0,0.82,29.0,5.0,0.0,mori-nu tofu silken soft,1,,,,
16162,62,6.9,2.4,0.1,1.27,32.0,1.03,27.0,36.0,0.0,mori-nu tofu silken firm,1,,,,
16223,45,2.94,3.45,0.4,2.53,140.0,0.49,,50.0,0.0,soymilk enhanced,,1,cups,,
16252,66,2.64,9.69,0.4,5.29,132.0,,,13.0,0.0,silk plain soy yogurt,1,,,,
16253,94,2.35,18.24,0.6,12.94,176.0,0.64,,15.0,0.0,silk strawberry soy yogurt,1,,,,
16392,579,28.01,17.45,8.9,,100.0,2.28,168.0,6.0,0.0,peanuts spanish oil-roasted unsalted,,1,cups,1,ounces
16399,608,24.47,17.0,6.1,3.11,45.0,1.67,191.0,356.0,,peanut butter w/ omega-3 creamy,,1,tablespoons,,
17099,107,21.28,0.0,0.0,,5.0,0.8,27.0,64.0,78.0,veal leg ln,,,,1,pounds
17224,282,16.56,0.0,0.0,0.0,16.0,1.55,21.0,59.0,73.0,lamb ground,,,,4,ounces
17338,172,21.76,0.0,0.0,0.0,12.0,2.75,22.0,79.0,66.0,game meat elk ground,1,,,,
17392,151,19.84,0.0,0.0,0.0,23.0,1.24,20.0,81.0,71.0,lamb nz imp neck chops ln,,,,4,ounces
18003,278,10.6,53.0,2.3,,13.0,3.98,25.0,505.0,24.0,bagels egg,1,,,1,ounces
18021,195,5.2,43.3,4.7,2.42,70.0,2.1,63.0,631.0,1.0,bread boston brown canned,1,,,1,ounces
18027,287,9.5,47.8,2.3,1.78,93.0,3.04,19.0,380.0,51.0,bread egg,1,,,1,ounces
18029,272,10.75,51.88,2.2,4.62,52.0,3.91,32.0,602.0,0.0,bread french,1,,,1,ounces
18033,271,8.8,50.1,3.2,3.17,78.0,2.94,27.0,550.0,0.0,bread italian,1,,,1,ounces
18039,269,8.4,48.5,4.0,8.14,66.0,2.7,37.0,447.0,0.0,bread oatmeal,1,,,1,ounces
18042,262,9.8,55.89,6.1,2.87,15.0,3.06,69.0,527.0,0.0,bread pita whole-wheat,1,,,,
18044,250,8.7,47.5,6.5,0.53,68.0,2.87,54.0,596.0,0.0,bread pumpernickel,1,,,1,ounces
18047,274,7.9,52.3,4.3,5.68,66.0,2.9,26.0,347.0,0.0,bread raisin enriched,1,,,1,ounces
18060,259,8.5,48.3,5.8,3.85,73.0,2.83,40.0,603.0,0.0,bread rye,1,,,1,ounces
18066,248,8.8,47.8,4.0,9.68,74.0,3.07,81.0,486.0,0.0,bread wheat bran,1,,,1,ounces
18069,266,8.85,49.42,2.7,5.67,144.0,3.61,23.0,490.0,0.0,bread white,1,,,1,ounces
18086,258,5.9,57.8,1.5,,140.0,0.52,12.0,749.0,0.0,cake angelfood,1,,,,
18131,397,3.0,79.6,,,26.0,1.99,10.0,260.0,0.0,cake white dry mix spl dietary,1,,,1,ounces
18142,423,4.0,80.0,0.7,44.21,115.0,1.57,9.0,860.0,0.0,cake pudding-type yellow dry mix,1,,,1,ounces
18192,514,5.37,63.78,1.3,21.65,13.0,2.98,14.0,353.0,0.0,cookies shortbread plain,1,,,1,ounces
18222,374,12.9,76.4,7.4,,43.0,4.5,56.0,837.0,0.0,crackers melba toast wheat,1,,,.5,ounces
18223,446,7.6,71.73,3.4,10.32,172.0,3.58,22.0,687.0,11.0,crackers milk,1,,,.5,ounces
18228,418,9.46,74.05,2.8,1.29,19.0,5.57,23.0,941.0,0.0,crackers saltines,5,,,.5,ounces
18236,383,9.3,80.9,2.6,0.33,23.0,4.64,24.0,16.0,0.0,cracker meal,,1,cups,1,ounces
18242,407,11.9,73.5,5.1,,76.0,4.08,31.0,698.0,0.0,croutons plain,,1,cups,.5,ounces
18243,465,10.8,63.5,5.0,4.41,96.0,2.82,42.0,1089.0,7.0,croutons seasoned,,1,cups,.5,ounces
18264,223,8.7,44.8,4.6,1.56,178.0,2.87,37.0,353.0,0.0,english muffins wheat,1,,,1,ounces
18272,402,7.9,84.1,1.7,25.66,44.0,4.43,31.0,298.0,0.0,ice cream cones sugar rolled-type,1,,,1,ounces
18323,224,1.9,32.9,0.8,16.23,8.0,0.5,6.0,217.0,0.0,pie peach,1,,,1,ounces
18337,551,7.3,45.1,1.5,0.74,10.0,2.56,16.0,249.0,0.0,puff pastry frozen rtb,1,,,1,ounces
18338,299,7.1,52.6,1.9,0.18,11.0,3.21,15.0,483.0,0.0,phyllo dough,1,,,1,ounces
18349,277,8.6,50.2,3.2,0.31,91.0,2.71,20.0,574.0,0.0,rolls french,1,,,1,ounces
18363,218,5.7,44.64,6.3,0.88,81.0,1.23,72.0,45.0,0.0,tortillas rtb or -fry corn,1,,,1,ounces
18364,306,8.2,49.38,3.5,3.71,146.0,3.63,22.0,736.0,0.0,tortillas rtb or -fry flour refr,1,,,1,ounces
18368,291,9.8,57.9,1.8,,47.0,3.36,20.0,572.0,9.0,wonton wrappers,1,,,1,ounces
18372,0,0.0,0.0,0.0,0.0,0.0,0.0,0.0,27360.0,0.0,leavening agents baking soda,,.5,teaspoons,,
18373,258,0.0,61.5,0.2,0.0,8.0,3.72,2.0,52.0,0.0,leavening agents cream of tartar,,.5,teaspoons,,
18375,325,40.44,41.22,26.9,0.0,30.0,2.17,54.0,51.0,0.0,leavening agents yeast baker's active dry,,1,tablespoons,,
18376,383,14.13,68.49,4.9,5.74,182.0,4.92,46.0,1336.0,1.0,bread crumbs dry grated seasoned,,1,cups,1,ounces
18412,418,7.0,69.5,6.5,,57.0,0.59,24.0,1111.0,2.0,bread cornbread dry mix,1,,,1,ounces
18413,275,9.1,55.7,2.2,,86.0,1.4,26.0,536.0,0.0,bread pita white,1,,,1,ounces
18420,432,4.4,78.1,1.1,,135.0,0.48,10.0,657.0,2.0,cake yellow dry mix,1,,,1,ounces
18446,457,3.9,44.1,0.9,,18.0,0.38,16.0,576.0,0.0,pie crust standard-type frozen rtb,1,,,,
18609,462,4.0,73.1,1.4,31.6,,,,402.0,1.0,keebler vanilla wafers,8,,,,
18616,287,8.7,49.6,,,191.0,1.99,,898.0,,mission foods mission flour tortillas soft taco 8 inch,1,,,,
18621,492,7.23,63.51,2.3,8.14,154.0,4.47,19.0,882.0,,nabisco nabisco ritz crackers,5,,,,
18942,501,5.1,64.3,1.9,18.13,29.0,2.6,23.0,471.0,0.0,pie crust cookie-type graham cracker ready crust,1,,,1,ounces
18946,506,3.41,58.52,1.4,,12.0,1.15,9.0,472.0,,pie crust refr reg bkd,1,,,,
19018,341,0.0,85.13,0.1,53.0,8.0,0.04,1.0,0.0,0.0,fruit syrup,,.25,cups,,
19034,387,12.94,77.78,14.5,0.87,7.0,3.19,144.0,8.0,0.0,popcorn air-popped,,1,cups,1,ounces
19036,384,9.7,80.1,2.9,0.72,9.0,1.87,159.0,288.0,0.0,popcorn cakes,2,,,,
19042,487,6.51,55.92,3.8,5.47,32.0,1.36,58.0,545.0,0.0,potato chips barbecue-flavor,,,,1,ounces
19056,472,7.1,67.78,5.4,0.78,106.0,1.52,84.0,328.0,0.0,tortilla chips plain,,,,1,grams
19078,642,14.32,28.42,16.6,0.91,101.0,17.4,327.0,24.0,2.0,baking chocolate unsweetened squares,1,1,cups,,
19095,207,3.5,23.6,0.7,21.22,128.0,0.09,14.0,80.0,44.0,ice creams vanilla,,1,cups,,
19097,144,1.1,30.4,1.3,24.32,54.0,0.14,8.0,46.0,1.0,sherbet orange,1,.5,cups,,
19116,318,1.8,81.3,0.1,57.56,3.0,0.23,2.0,80.0,0.0,candies marshmallows,10,1,cups,,
19296,304,0.3,82.4,0.2,82.12,6.0,0.42,2.0,4.0,0.0,honey,,1,tablespoons,,
19303,246,0.3,66.3,0.7,60.0,38.0,0.15,2.0,56.0,0.0,marmalade orange,1,1,tablespoons,,
19304,290,0.0,74.73,0.0,74.72,205.0,4.72,242.0,37.0,0.0,molasses,,1,tablespoons,,
19334,380,0.12,98.09,0.0,97.02,83.0,0.71,9.0,28.0,0.0,sugars brown,,1,cups,,
19335,387,0.0,99.98,0.0,99.8,1.0,0.05,0.0,1.0,0.0,sugars granulated,1,1,teaspoons,,
19336,389,0.0,99.77,0.0,97.81,1.0,0.06,0.0,2.0,0.0,sugars powdered,,1,cups,,
19340,354,0.1,90.9,0.0,84.87,90.0,1.61,19.0,11.0,0.0,sugars maple,,1,teaspoons,1,ounces
19349,286,0.0,77.59,0.0,77.59,18.0,0.37,8.0,155.0,0.0,syrups corn dark,,1,tablespoons,,
19350,283,0.0,76.79,0.0,76.77,13.0,0.0,1.0,62.0,0.0,syrups corn light,,1,tablespoons,,
19400,519,2.3,58.4,7.7,35.34,18.0,1.25,76.0,6.0,0.0,banana chips,,,,3,ounces
19411,532,6.39,53.83,3.1,0.33,21.0,1.28,63.0,527.0,0.0,potato chips plain salted,22,,,1,ounces
19419,387,8.1,83.4,1.9,23.47,19.0,1.4,114.0,488.0,0.0,corn cakes,2,,,,
19719,242,0.7,64.4,0.3,43.4,20.0,0.49,4.0,40.0,0.0,jams&preserves apricot,1,1,tablespoons,,
19902,546,4.88,61.17,7.0,47.9,56.0,8.02,146.0,24.0,8.0,chocolate dark 45- 59% cacao sol,1,,,1,ounces
19908,399,0.0,99.8,,99.19,12.0,0.37,2.0,3.0,,sugar turbinado,,1,cups,,
19911,270,0.0,67.38,0.0,59.92,109.0,0.11,21.0,9.0,0.0,syrup maple canadian,,60,milliliters,,
19912,310,0.09,76.37,0.2,68.03,1.0,0.09,1.0,4.0,0.0,sweetener syrup agave,,.25,cups,,
20004,354,12.48,73.48,17.3,0.8,33.0,3.6,133.0,12.0,0.0,barley hulled,,1,cups,,
20005,352,9.91,77.72,15.6,0.8,29.0,2.5,79.0,9.0,0.0,barley pearled,,1,cups,,
20008,343,13.25,71.5,10.0,,18.0,2.2,231.0,1.0,0.0,buckwheat,,1,cups,,
20027,381,0.26,91.27,0.9,0.0,2.0,0.47,3.0,9.0,0.0,cornstarch,,1,cups,,
20033,246,17.3,66.22,15.4,1.45,58.0,5.41,235.0,4.0,0.0,oat bran,,1,cups,,
20036,367,7.54,76.25,3.6,0.66,9.0,1.29,116.0,5.0,0.0,rice brown long-grain,,1,cups,,
20038,389,16.89,66.27,10.6,,54.0,4.72,177.0,2.0,0.0,oats,,1,cups,,
20061,366,5.95,80.13,2.4,0.12,10.0,0.35,35.0,0.0,0.0,rice flour white,,1,cups,,
20080,340,13.21,71.97,10.7,0.41,34.0,3.6,137.0,2.0,0.0,wheat flour whole-grain,,1,cups,,
20082,354,9.89,74.22,2.7,0.22,338.0,4.67,19.0,1193.0,0.0,wheat flour white all-purpose self-rising enr,,1,cups,,
20083,361,11.98,72.53,2.4,0.31,15.0,4.41,25.0,2.0,0.0,wheat flour white bread enr,,1,cups,,
20084,362,8.2,78.03,1.7,0.31,14.0,7.32,16.0,2.0,0.0,wheat flour white cake enr,,1,cups,,
20086,405,9.66,67.14,,,205.0,7.05,21.0,677.0,0.0,wheat flour white tortilla mix enr,,1,cups,,
20088,357,14.73,74.9,6.2,2.5,21.0,1.96,177.0,7.0,0.0,wild rice,,1,cups,,
20089,101,3.99,21.34,1.8,0.73,3.0,0.6,32.0,3.0,0.0,wild rice cooked,,1,cups,,
20090,363,7.23,76.48,4.6,0.66,11.0,1.98,112.0,8.0,0.0,rice flour brown,,1,cups,,
20131,361,10.28,78.3,7.1,0.8,37.0,4.71,97.0,11.0,0.0,barley malt flour,,1,cups,,
20132,404,14.66,65.7,6.5,0.8,55.0,4.0,144.0,19.0,0.0,oat flour part debranned,,1,cups,,
20330,72,1.48,14.26,2.5,,10.0,0.62,16.0,345.0,0.0,hominy canned yellow,,1,cups,,
20409,384,14.16,71.27,3.3,1.88,35.0,1.9,58.0,21.0,84.0,noodles egg dry,,1,cups,,
20420,371,13.04,74.67,3.2,2.67,21.0,1.3,53.0,6.0,0.0,pasta dry,,1,cups,2,ounces
20444,365,7.13,79.95,1.3,0.12,28.0,0.8,25.0,5.0,0.0,rice white long-grain reg,,1,cups,,
20452,358,6.5,79.15,,,3.0,0.8,23.0,1.0,0.0,rice white short-grain,,1,cups,,
20481,364,10.33,76.31,2.7,0.27,15.0,1.17,22.0,2.0,0.0,wheat flour white all-purpose,,1,cups,,
20581,364,10.33,76.31,2.7,0.27,15.0,4.64,22.0,2.0,0.0,wheat flour white all-purpose enr unbleached,,1,cups,,
20630,366,9.71,76.22,2.4,0.49,20.0,5.06,25.0,2.0,,wheat flour white 10% prot unbleached enr,,,,,
21005,312,11.13,21.05,0.2,0.95,51.0,1.9,13.0,672.0,161.0,breakfast items biscuit with egg&sausage,1,,,,
22899,77,2.48,13.64,1.3,3.72,33.0,0.74,15.0,306.0,3.0,ravioli cheese-filled cnd,,1,cups,,
22971,157,1.96,16.18,1.3,4.95,15.0,0.5,15.0,329.0,17.0,potato salad w/ egg,,.5,cups,,
22973,250,8.57,26.96,1.0,7.54,72.0,1.9,17.0,668.0,44.0,corn dogs frozen prep,1,,,,
22978,240,14.62,14.86,1.7,0.57,39.0,0.84,29.0,527.0,36.0,chicken tenders breaded frozen prep,1,,,,
23185,221,19.71,0.2,0.0,0.0,9.0,1.86,20.0,59.0,67.0,"beef rib back ribs bone-in ln 0"" fat sel",1,,,3,ounces
23441,140,21.19,0.0,0.0,0.0,4.0,2.21,24.0,39.0,58.0,beef nz imp tenderloin ln,,,,4,ounces
23584,127,22.27,0.0,0.0,0.0,22.0,1.61,23.0,56.0,59.0,"beef top sirloin steak ln 1/8"" fat sel",,,,1,pounds
23657,137,21.43,0.0,0.0,0.0,21.0,1.54,22.0,53.0,60.0,"beef flank steak ln 0"" fat sel",1,,,3,ounces
25071,416,10.0,82.64,0.0,0.0,0.0,0.0,156.0,233.0,0.0,rice crackers,,,,,
27027,31,0.0,9.38,,6.25,0.0,0.0,,469.0,0.0,pace pico de gallo,1,2,tablespoons,,
27048,95,1.25,22.04,1.5,9.82,19.0,1.37,17.0,1647.0,0.0,sauce steak tomato bsd,,2,tablespoons,,
27049,211,1.0,13.3,0.5,4.25,26.0,0.25,6.0,667.0,7.0,sauce tartar rts,,2,tablespoons,,
27064,292,2.23,46.13,6.1,13.2,41.0,0.5,21.0,3390.0,0.0,wasabi,,1,teaspoons,,
27066,503,1.09,10.05,1.0,8.98,12.0,0.23,6.0,730.0,50.0,sauce horseradish,,1,teaspoons,,
28069,441,6.1,73.1,2.0,10.1,,,,938.0,0.0,keebler club red fat crackers,5,,,,
28162,367,7.5,84.4,1.2,9.3,,13.3,40.0,638.0,0.0,kellogg's corn flakes crumbs,,6,tablespoons,,
28232,527,3.9,70.0,1.0,41.0,,1.8,8.0,92.0,0.0,murray vanilla sugar wafer,5,,,,
28269,470,6.5,71.2,3.0,31.3,,2.5,9.0,640.0,0.0,mother's old fashioned oatmeal cookies,2,,,,
28295,310,9.76,45.89,9.8,2.44,244.0,2.63,85.0,512.0,0.0,tortillas rtb or -fry whole wheat,1,,,,
28320,245,7.02,50.17,3.5,1.75,140.0,2.53,33.0,386.0,0.0,english muffins whole grain white,1,,,,
28327,384,7.14,72.81,7.1,0.0,0.0,0.0,20.0,571.0,0.0,crackers h2o biscuits,4,,,,
28384,269,0.01,50.3,1.6,4.7,51.0,2.84,,491.0,1.0,pepperidge farm farmhouse sourdough bread,1,,,,
28387,280,0.01,49.9,3.1,7.21,151.0,2.21,,379.0,1.0,pepperidge farm hamburger buns with sesame,1,,,,
28394,278,0.01,50.0,1.8,7.71,153.0,2.27,,381.0,1.0,pepperidge farm hamburger bun,1,,,,
31001,21,0.82,4.12,0.8,2.88,8.0,0.15,,280.0,0.0,campbell's tomato juice,1,,,8,ounces
31012,21,0.82,4.12,0.8,3.29,8.0,0.15,,58.0,0.0,v8 vegetable juice lo na v8,1,,,8,ounces
31021,84,1.75,19.16,1.8,0.91,6.0,0.48,19.0,42.0,0.0,potatoes hash brown refr unprep,,1,cups,,
32016,388,11.48,70.75,1.6,8.2,328.0,2.36,49.0,902.0,8.0,macaroni or noodles w/ chs microwaveable unprep,1,,,,
32020,334,18.66,14.23,0.1,0.0,75.0,1.26,31.0,813.0,87.0,chicken thighs frozen breaded rehtd,1,,,,
35049,103,22.3,0.0,0.0,0.0,5.0,3.28,23.0,65.0,54.0,moose meat,,,,,
35131,398,10.4,76.93,8.7,1.81,5.0,2.91,133.0,7.0,,cornmeal blue,,,,,
35135,386,9.72,75.2,16.6,6.47,14.0,2.29,123.0,4.0,,corn white stmd,,,,,
35137,384,9.85,72.9,9.4,1.56,6.0,2.99,107.0,4.0,,cornmeal yellow,,,,,
35147,153,6.28,18.12,3.1,0.99,29.0,1.22,22.0,427.0,17.0,tamales,1,,,,
35192,68,0.52,16.23,6.6,2.58,417.0,1.8,55.0,14.0,0.0,agave,,,,,
35233,628,14.89,22.98,9.8,,441.0,3.12,235.0,2.0,,hazelnuts beaked,1,,,1,ounces
42040,268,0.0,66.91,0.0,46.55,6.0,0.05,4.0,27.0,0.0,syrups grenadine,,1,teaspoons,,
42063,11,0.0,2.1,2.1,0.0,0.0,0.0,0.0,0.0,0.0,pectin liquid,1,,,,
42135,224,3.0,23.6,0.0,23.6,71.0,0.1,7.0,72.0,2.0,whipped topping frozen lofat,,1,cups,,
42140,200,0.3,6.7,0.2,1.94,6.0,0.13,2.0,1074.0,0.0,salad dressing italian dressing red cal,,1,cups,,
42291,590,24.0,21.83,6.6,9.29,41.0,1.9,159.0,203.0,0.0,peanut butter red na,,1,tablespoons,,
43016,390,0.9,23.8,0.1,20.11,14.0,0.2,2.0,710.0,26.0,salad dressing coleslaw,,1,cups,,
43021,110,0.3,18.6,0.1,16.32,24.0,0.18,2.0,1148.0,2.0,salad dressing caesar lo cal,,1,cups,,
43114,331,0.1,82.32,3.9,17.44,55.0,1.81,2.0,4.0,0.0,vermicelli made from soy,,1,cups,,
43132,197,21.0,8.0,4.6,1.25,25.0,2.16,18.0,550.0,0.0,meatballs meatless,,1,cups,,
43212,476,32.0,28.6,10.2,0.0,101.0,0.72,95.0,1770.0,0.0,bacon bits meatless,,1,tablespoons,,
43274,201,7.85,8.13,0.0,5.82,148.0,0.17,8.0,359.0,54.0,cheese cream low fat,,1,cups,,
43312,37,1.4,7.31,3.1,2.41,21.0,0.65,15.0,26.0,0.0,vegetables mxd cnd no salt,,1,cups,,
43382,46,0.39,12.2,0.1,12.1,8.0,0.25,6.0,2.0,0.0,cranberry juice unswtnd,,1,cups,1,ounces
43392,115,2.7,25.61,1.5,17.16,18.0,1.69,10.0,14.0,0.0,hearts of palm,,,,,
43572,429,12.6,73.39,14.2,0.54,11.0,2.28,151.0,490.0,0.0,popcorn microwave lofat&na,,,,1,ounces
43598,688,0.0,0.3,0.0,0.3,7.0,0.23,1.0,486.0,0.0,mayonnaise dressing,,1,cups,,
48052,370,75.16,13.79,0.6,0.0,142.0,5.2,25.0,29.0,0.0,vital wheat gluten,,,,,
90480,269,0.0,73.14,0.0,73.2,13.0,3.6,10.0,58.0,0.0,syrup cane,1,,,,
